{
    "employeeData": [
      {
        "id":1,
        "name": "Jane Smith",
        "department": "IT",
        "company": "Data Solutions",
        "weekEnding": "2024-01-07",
        "totalHour": 38,
        "submittedAt": "2024-01-10T09:15:00AM",
        "status": "Pending"
      },
      {
        "id":2,
        "name": "Alice Johnson",
        "department": "Finance",
        "company": "Financial Wizards",
        "weekEnding": "2024-01-07",
        "totalHour": 42,
        "submittedAt": "2024-01-10T10:00:00",
        "status": "Submitted"
      },
      {
        "id":3,
        "name": "Bob Miller",
        "department": "Marketing",
        "company": "MarketMasters",
        "weekEnding": "2024-01-07",
        "totalHour": 45,
        "submittedAt": "2024-01-10T11:45:00",
        "status": "Approved"
      },
      {
        "id":4,
        "name": "Eva Wilson",
        "department": "Sales",
        "company": "Sales Solutions",
        "weekEnding": "2024-01-07",
        "totalHour": 37,
        "submittedAt": "2024-01-10T13:30:00",
        "status": "Pending"
      },
      {
        "id":5,
        "name": "Michael Brown",
        "department": "Support",
        "company": "TechSupport Inc.",
        "weekEnding": "2024-01-07",
        "totalHour": 40,
        "submittedAt": "2024-01-10T14:15:00",
        "status": "Submitted"
      },
      {
        "id":6,
        "name": "Sara Jones",
        "department": "Engineering",
        "company": "InnovateTech",
        "weekEnding": "2024-01-07",
        "totalHour": 48,
        "submittedAt": "2024-01-10T15:00:00",
        "status": "Approved"
      },
      {
        "id":7,
        "name": "Chris Davis",
        "department": "R&D",
        "company": "TechInnovators",
        "weekEnding": "2024-01-07",
        "totalHour": 35,
        "submittedAt": "2024-01-10T16:45:00",
        "status": "Submitted"
      },
      {
        "id":8,
        "name": "Megan White",
        "department": "Operations",
        "company": "SmoothOps",
        "weekEnding": "2024-01-07",
        "totalHour": 43,
        "submittedAt": "2024-01-10T17:30:00",
        "status": "Pending"
      },
      {
        "id":9,
        "name": "Alex Turner",
        "department": "Legal",
        "company": "LegalEagles",
        "weekEnding": "2024-01-07",
        "totalHour": 39,
        "submittedAt": "2024-01-10T18:15:00",
        "status": "Approved"
      },
      {
        "id":10,
        "name": "Daniel Lee",
        "department": "QA",
        "company": "QualityTech",
        "weekEnding": "2024-01-07",
        "totalHour": 36,
        "submittedAt": "2024-01-10T20:45:00",
        "status": "Pending"
      },
      {
        "id":11,
        "name": "Sophia Hall",
        "department": "Design",
        "company": "CreativeDesigns",
        "weekEnding": "2024-01-07",
        "totalHour": 44,
        "submittedAt": "2024-01-10T21:30:00",
        "status": "Approved"
      },
      {
        "id":12,
        "name": "Ryan Adams",
        "department": "Sales",
        "company": "SalesPro",
        "weekEnding": "2024-01-07",
        "totalHour": 39,
        "submittedAt": "2024-01-10T22:15:00",
        "status": "Submitted"
      },
      {
        "id":13,
        "name": "Julia Brown",
        "department": "Marketing",
        "company": "MarketGurus",
        "weekEnding": "2024-01-07",
        "totalHour": 46,
        "submittedAt": "2024-01-10T23:00:00",
        "status": "Pending"
      },
      {
        "id":14,
        "name": "David White",
        "department": "HR",
        "company": "HR Solutions",
        "weekEnding": "2024-01-07",
        "totalHour": 37,
        "submittedAt": "2024-01-11T08:30:00",
        "status": "Approved"
      },
      {
        "id":15,
        "name": "Emma Turner",
        "department": "IT",
        "company": "TechInnovate",
        "weekEnding": "2024-01-07",
        "totalHour": 42,
        "submittedAt": "2024-01-11T09:15:00",
        "status": "Submitted"
      },
      {
        "id":16,
        "name": "Brian Smith",
        "department": "Finance",
        "company": "FinancePros",
        "weekEnding": "2024-01-07",
        "totalHour": 38,
        "submittedAt": "2024-01-11T10:00:00",
        "status": "Pending"
      },
      {
        "id":17,
        "name": "Hannah Johnson",
        "department": "Engineering",
        "company": "TechGenius",
        "weekEnding": "2024-01-07",
        "totalHour": 47,
        "submittedAt": "2024-01-11T11:45:00",
        "status": "Approved"
      },
      {
        "id":18,
        "name": "Mark Davis",
        "department": "R&D",
        "company": "ResearchTech",
        "weekEnding": "2024-01-07",
        "totalHour": 34,
        "submittedAt": "2024-01-11T13:30:00",
        "status": "Submitted"
      },
      {
        "id":19,
        "name": "Sophie Wilson",
        "department": "Operations",
        "company": "OpsMaster",
        "weekEnding": "2024-01-07",
        "totalHour": 40,
        "submittedAt": "2024-01-11T14:15:00",
        "status": "Pending"
      },
      {
        "id":20,
        "name": "Tom Brown",
        "department": "Legal",
        "company": "LegalTech",
        "weekEnding": "2024-01-07",
        "totalHour": 39,
        "submittedAt": "2024-01-11T15:00:00",
        "status": "Approved"
      },
      {
        "id":21,
        "name": "Olivia Clark",
        "department": "Public Relations",
        "company": "PR Masters",
        "weekEnding": "2024-01-07",
        "totalHour": 41,
        "submittedAt": "2024-01-10T19:00:00",
        "status": "Submitted"
      },
      {
        "id":22,
        "name": "Daniel Lee",
        "department": "Quality Assurance",
        "company": "QualityTech",
        "weekEnding": "2024-01-07",
        "totalHour": 36,
        "submittedAt": "2024-01-10T20:45:00",
        "status": "Pending"
      },
      {
        "id":23,
        "name": "Sophia Hall",
        "department": "Design",
        "company": "Creative Designs",
        "weekEnding": "2024-01-07",
        "totalHour": 44,
        "submittedAt": "2024-01-10T21:30:00",
        "status": "Approved"
      },
      {
        "id":24,
        "name": "Alex Turner",
        "department": "Legal",
        "company": "Legal Eagles",
        "weekEnding": "2024-01-07",
        "totalHour": 39,
        "submittedAt": "2024-01-10T18:15:00",
        "status": "Approved"
      },
      {
        "id":25,
        "name": "Olivia Clark",
        "department": "PR",
        "company": "PR Masters",
        "weekEnding": "2024-01-07",
        "totalHour": 41,
        "submittedAt": "2024-01-10T19:00:00",
        "status": "Submitted"
      }
    ]
  }
  